frame,crowd_count,density_pct,avg_speed,direction_variance,label
5,12,18.41,0.0,0.0,0
10,8,12.12,5.7984,0.1418,0
15,10,15.42,5.7206,0.1584,0
20,12,15.4,5.4968,0.1826,0
25,11,13.44,5.5203,0.2038,0
30,5,8.88,5.7539,0.2014,0
35,13,14.76,6.0286,0.1878,0
40,13,17.1,5.6414,0.1951,0
45,11,14.66,5.3752,0.1983,0
50,16,22.48,5.3046,0.1904,0
55,14,18.14,5.489,0.2088,0
60,11,16.63,5.7453,0.2023,0
65,3,6.55,5.6766,0.2286,0
70,14,23.44,5.5458,0.2267,0
75,5,9.44,5.6507,0.2059,0
80,7,11.28,5.6552,0.2151,0
85,9,15.01,5.7747,0.1991,0
90,8,13.55,5.8947,0.2015,0
95,13,17.68,5.6315,0.1901,0
100,8,10.95,6.1269,0.1918,0
105,14,21.77,5.9058,0.1867,0
110,9,14.01,6.0352,0.1639,0
115,9,12.52,6.3391,0.1777,0
120,14,22.71,5.8297,0.1874,0
125,12,19.34,5.8298,0.1706,0
130,10,16.79,5.9515,0.1706,0
135,16,29.54,5.8151,0.1611,0
140,9,13.49,6.6372,0.1572,0
145,12,19.0,5.9491,0.1431,0
150,9,16.07,6.0977,0.1742,0
155,8,12.42,5.7144,0.1729,0
160,11,18.36,6.0631,0.1834,0
165,10,17.01,5.9993,0.1437,0
170,6,11.65,6.5097,0.1729,0
175,5,9.62,6.2752,0.1605,0
180,9,16.43,6.2659,0.1445,0
185,8,15.75,6.0917,0.1607,0
190,7,13.95,6.8647,0.1319,0
195,8,13.21,6.6206,0.1639,0
200,7,12.95,6.5738,0.2396,0
205,8,15.62,5.8804,0.17,0
210,12,20.1,6.0515,0.2208,0
215,7,12.71,6.2454,0.1763,0
220,10,14.47,6.3632,0.1513,0
225,12,12.92,7.6716,0.1154,0
230,4,6.49,7.4357,0.1109,0
235,2,1.98,7.6691,0.0983,0
240,5,5.9,8.1934,0.1091,0
245,3,3.86,7.5713,0.1108,0
250,5,5.85,7.07,0.1213,0
255,8,16.1,6.8543,0.1268,0
260,9,13.3,6.8113,0.1293,0
265,5,11.35,6.7626,0.1254,0
270,5,6.42,6.747,0.1338,0
275,4,5.68,6.9268,0.1338,0
280,7,17.58,7.0427,0.1179,0
285,6,10.77,7.0654,0.1096,0
290,2,2.1,6.5901,0.1391,0
295,3,9.91,7.1174,0.1404,0
300,7,16.66,6.4804,0.1267,0
305,6,10.73,5.1256,0.2142,0
310,10,16.26,4.7441,0.2453,0
315,11,18.43,4.6083,0.2808,0
320,11,16.32,5.6332,0.251,0
325,12,17.78,7.0984,0.1331,0
330,9,13.78,7.4512,0.1068,0
335,8,15.51,8.3808,0.0978,0
340,9,15.57,8.1697,0.0624,0
345,10,15.01,8.069,0.0993,0
350,3,3.43,7.9988,0.1011,0
355,7,10.04,7.8495,0.1098,0
360,11,15.78,7.706,0.0836,0
365,9,12.3,7.0368,0.1157,0
370,7,13.33,6.5108,0.0935,0
375,4,7.09,5.7912,0.1358,0
380,7,10.74,5.7357,0.1259,0
385,9,13.23,5.8278,0.1493,0
390,14,18.01,5.4987,0.1459,0
395,7,10.29,5.804,0.1538,0
400,12,15.22,5.5962,0.1694,0
405,9,12.4,5.7723,0.1747,0
410,10,13.98,5.7896,0.1653,0
415,8,11.64,5.5525,0.1757,0
420,8,10.24,5.619,0.1732,0
425,9,11.22,6.4026,0.153,0
430,12,16.59,6.6048,0.1026,0
435,14,19.14,4.9088,0.2731,0
440,15,19.69,4.5822,0.3078,0
445,10,13.3,4.8589,0.3322,0
450,8,10.56,5.0746,0.3445,0
455,7,9.33,5.1606,0.3231,0
460,9,11.72,5.0389,0.3079,0
465,9,14.31,5.5695,0.2877,0
470,6,9.9,5.445,0.2711,0
475,7,13.05,5.817,0.2561,0
480,8,14.9,5.9147,0.212,0
485,7,13.34,5.9112,0.1947,0
490,8,14.38,6.3218,0.142,0
495,6,13.07,6.9548,0.1319,0
500,8,16.59,7.2427,0.0922,0
505,7,10.96,7.5149,0.1167,0
510,2,2.41,7.7441,0.0782,0
515,3,4.18,8.1317,0.1095,0
520,15,17.6,8.6768,0.0628,0
525,11,15.4,10.1154,0.0902,0
530,7,9.42,16.6641,0.0297,0
535,2,1.44,16.9218,0.0408,0
540,7,9.46,13.2488,0.0295,0
545,7,9.16,10.2373,0.0571,0
550,4,4.46,6.1697,0.0725,0
555,8,8.94,3.9583,0.2083,0
560,4,4.92,3.8019,0.2622,0
565,4,4.19,3.7649,0.3123,0
570,6,5.51,4.0985,0.3265,0
575,10,12.28,4.4194,0.3382,0
580,12,14.39,4.3889,0.3335,0
585,8,9.6,4.4425,0.3196,0
590,4,5.32,4.6783,0.314,0
595,6,6.43,4.9204,0.3129,0
600,7,9.49,5.1617,0.2845,0
605,5,6.56,4.9561,0.2892,0
610,3,2.9,4.8482,0.2738,0
615,2,1.75,4.8276,0.2662,0
620,2,2.79,4.8821,0.2359,0
625,4,6.43,4.9906,0.1872,0
630,4,5.61,5.4411,0.1585,0
635,5,6.7,5.4867,0.1335,0
640,5,6.03,5.3478,0.1351,0
645,9,9.85,5.9479,0.1209,0
650,2,2.46,6.1012,0.1173,0
655,2,1.39,5.7605,0.1495,0
660,1,1.85,5.8516,0.1344,0
665,1,0.55,6.0497,0.1244,0
670,7,9.61,5.6193,0.1455,0
675,3,2.89,5.6508,0.1226,0
680,4,5.13,5.8243,0.1504,0
685,6,5.38,5.4446,0.1256,0
690,2,2.36,5.5399,0.1387,0
695,10,10.15,5.5836,0.1248,0
700,3,3.93,5.465,0.1532,0
5,4,43.01,0.0,0.0,1
10,5,59.81,7.6987,0.3458,1
15,4,43.61,10.7709,0.3554,1
20,4,48.34,12.1402,0.3878,1
25,7,73.98,8.8601,0.3654,1
30,9,81.53,13.1819,0.375,1
35,5,53.65,13.2523,0.3332,1
40,5,48.07,17.8232,0.3998,1
45,5,56.77,13.5176,0.3588,1
50,5,39.56,13.2597,0.274,1
55,6,48.17,13.5747,0.3427,1
60,6,67.01,10.4115,0.3535,1
65,6,60.8,10.2595,0.2456,1
70,6,56.4,8.9986,0.2111,1
75,8,79.48,8.2643,0.2676,1
80,9,83.06,10.6245,0.2725,1
85,4,48.2,15.8274,0.1718,1
90,8,93.54,13.0403,0.2103,1
95,8,85.97,14.4864,0.1707,1
100,7,68.39,11.8857,0.3142,1
105,4,30.43,9.0145,0.3004,1
110,5,45.81,13.3412,0.3946,1
115,6,55.89,10.5396,0.3706,1
120,10,81.68,11.6791,0.2969,1
125,10,76.75,13.7858,0.3476,1
130,12,100.0,10.2545,0.3804,1
135,9,100.0,11.2219,0.3541,1
140,11,80.42,11.1032,0.35,1
145,11,86.73,11.2067,0.3087,1
150,10,79.95,9.7409,0.3473,1
155,8,71.92,7.0881,0.2759,1
160,8,83.1,8.7928,0.3019,1
165,11,98.78,7.6768,0.2854,1
170,9,70.79,7.6762,0.3157,1
175,9,92.99,8.9394,0.3322,1
180,9,79.36,7.7533,0.2263,1
185,9,81.84,8.1107,0.2166,1
190,5,46.36,8.9546,0.1988,1
195,5,48.81,9.1803,0.1532,1
200,4,43.64,10.8571,0.1178,1
205,7,60.22,8.2414,0.1623,1
210,11,92.43,8.26,0.2532,1
215,11,81.9,10.2762,0.1853,1
220,9,71.63,9.9316,0.2634,1
225,8,72.91,7.0373,0.2575,1
230,7,58.54,7.2261,0.2756,1
235,11,67.73,9.7808,0.2477,1
240,7,52.57,9.8362,0.2335,1
245,7,65.24,8.7099,0.2494,1
250,7,51.47,8.8573,0.2142,1
255,7,47.52,8.8939,0.1786,1
260,7,63.19,7.84,0.1864,1
265,6,46.35,11.2962,0.2328,1
270,9,75.38,9.1138,0.3119,1
275,9,71.05,9.6966,0.2922,1
280,6,56.55,11.0893,0.3198,1
285,7,54.3,11.1769,0.3833,1
290,7,61.0,8.1954,0.3493,1
295,10,68.04,11.2998,0.3688,1
300,9,68.6,9.7846,0.2455,1
305,5,27.07,7.6595,0.2767,1
310,8,49.59,7.8408,0.3139,1
315,4,21.73,6.3597,0.3174,1
320,14,77.45,7.7443,0.2993,1
325,10,79.44,7.7705,0.2003,1
330,8,73.16,7.522,0.2054,1
335,6,54.62,7.3619,0.2324,1
340,6,60.27,6.2205,0.2684,1
345,9,70.71,6.1209,0.2234,1
350,6,48.91,6.9874,0.3104,1
355,5,54.01,6.3823,0.2871,1
360,6,38.98,7.9427,0.3362,1
365,7,55.16,6.9458,0.2499,1
370,6,47.92,9.1263,0.3091,1
375,5,39.4,11.2174,0.2938,1
380,8,61.72,12.0839,0.3905,1
385,9,81.18,9.7063,0.3087,1
390,7,60.4,17.0277,0.4257,1
395,5,38.98,16.8418,0.3576,1
400,7,67.84,19.2276,0.3479,1
405,6,61.6,13.9729,0.382,1
410,7,56.45,7.7475,0.38,1
415,6,58.46,7.8448,0.2967,1
420,8,60.16,7.2301,0.2738,1
425,8,70.94,5.524,0.2918,1
430,6,60.52,6.2893,0.2166,1
435,8,69.02,13.8597,0.1111,1
440,6,59.6,11.247,0.0984,1
445,10,74.2,11.9839,0.1173,1
450,7,52.44,17.6947,0.1033,1
455,10,80.83,13.3586,0.0952,1
460,7,70.57,11.2718,0.1053,1
465,4,41.84,12.7941,0.1205,1
470,6,63.09,13.3602,0.1258,1
475,6,63.85,6.2815,0.2259,1
480,5,56.67,9.6114,0.3658,1
485,6,74.4,9.7752,0.3292,1
490,6,51.69,6.6635,0.2499,1
495,6,61.12,9.4906,0.1911,1
500,8,59.84,6.2771,0.2238,1
505,8,66.36,9.5829,0.1096,1
510,5,29.57,14.6523,0.3051,1
515,5,33.04,5.9027,0.1675,1
520,4,28.41,7.4401,0.1523,1
525,6,36.96,6.5851,0.1207,1
530,9,48.25,6.4792,0.1252,1
535,10,59.81,6.2302,0.1453,1
540,8,40.73,5.5882,0.1943,1
545,7,37.97,6.0348,0.1983,1
550,7,37.3,6.6286,0.2052,1
555,8,39.85,5.2753,0.1678,1
560,7,35.98,4.8127,0.1772,1
565,7,32.75,4.1742,0.1814,1
570,9,37.39,4.818,0.1526,1
575,6,20.0,4.7851,0.1723,1
580,7,29.47,5.0715,0.1436,1
585,8,43.08,3.3628,0.1917,1
590,9,34.93,5.1454,0.1366,1
595,7,29.84,3.8481,0.2103,1
600,9,36.52,4.7097,0.1657,1
605,7,30.51,5.5612,0.169,1
610,7,29.16,4.1832,0.2193,1
615,6,21.26,4.1036,0.2443,1
620,9,34.95,4.6645,0.2507,1
625,8,32.88,4.1531,0.2651,1
630,6,39.05,5.6974,0.2334,1
635,7,39.8,5.934,0.1964,1
640,6,37.87,5.1701,0.1949,1
645,8,42.11,6.237,0.1714,1
650,5,19.75,6.3783,0.1972,1
655,8,25.24,6.4956,0.1885,1
660,7,39.9,6.5159,0.2009,1
665,8,36.11,7.8042,0.2008,1
670,8,34.04,7.2303,0.259,1
675,8,37.43,9.0368,0.2849,1
680,8,42.96,7.7808,0.2987,1
685,8,30.07,8.1717,0.3174,1
690,9,52.77,9.453,0.4307,1
695,7,30.27,5.4325,0.3863,1
700,7,39.97,6.9662,0.3829,1
705,5,27.14,5.0277,0.3612,1
710,10,38.78,6.0791,0.3681,1
715,8,35.75,6.9915,0.2947,1
5,19,25.6,0.0,0.0,0
10,16,22.57,6.8983,0.3175,0
15,19,25.28,7.4792,0.2765,0
20,21,26.0,7.811,0.359,0
25,20,24.19,7.1023,0.3302,0
30,22,30.94,7.8371,0.3255,0
35,21,29.45,8.9198,0.3016,0
40,15,18.8,7.1969,0.2629,0
45,14,17.3,7.7891,0.244,0
50,16,22.43,7.2276,0.265,0
55,16,20.44,7.5452,0.2723,0
60,17,21.74,7.3419,0.2233,0
65,13,15.95,7.0813,0.2626,0
70,11,14.53,7.0798,0.2141,0
75,15,19.69,6.8577,0.2051,0
80,14,18.99,6.7319,0.2074,0
85,15,20.12,5.8125,0.2092,0
90,15,20.15,5.9075,0.217,0
95,12,16.53,6.5543,0.1918,0
100,14,20.16,6.1684,0.1832,0
105,16,21.83,6.5213,0.1576,0
110,14,19.68,8.2684,0.1291,0
115,16,20.57,8.2381,0.1431,0
120,18,22.7,8.8615,0.1506,0
125,19,22.58,8.5294,0.1749,0
130,18,20.94,9.8727,0.1872,0
135,17,19.75,9.5195,0.1709,0
140,16,19.28,8.6466,0.1997,0
145,21,24.69,7.5395,0.2196,0
150,21,23.74,7.8257,0.2628,0
155,17,23.97,7.1403,0.2441,0
160,18,21.64,6.6572,0.2555,0
165,15,19.94,6.8559,0.2465,0
170,20,23.4,8.0026,0.2628,0
175,18,22.85,7.1861,0.2556,0
180,18,23.37,6.8236,0.2505,0
185,21,25.68,7.2529,0.2565,0
190,21,26.62,6.887,0.2225,0
195,20,25.1,7.1122,0.3304,0
200,20,26.71,6.7019,0.3535,0
205,19,25.85,7.5115,0.3623,0
210,16,21.66,7.8848,0.3495,0
215,20,27.91,7.1046,0.3504,0
220,20,27.42,7.127,0.3034,0
225,21,31.56,6.6865,0.2452,0
230,15,23.51,6.9925,0.2566,0
235,19,26.27,6.8857,0.2352,0
240,21,29.82,6.1577,0.2402,0
245,16,24.83,6.7693,0.2848,0
250,18,25.98,5.8569,0.3228,0
255,19,25.58,6.1838,0.3347,0
260,20,27.67,6.3102,0.2811,0
265,17,25.31,6.6,0.2895,0
270,18,23.38,6.2199,0.3162,0
275,19,24.54,6.1497,0.2756,0
280,20,26.47,5.7594,0.293,0
285,16,21.34,5.8608,0.2839,0
290,22,28.9,7.0339,0.2738,0
295,18,23.32,7.1862,0.277,0
300,20,24.78,6.9928,0.2591,0
305,18,24.19,6.5695,0.2605,0
310,18,22.41,6.7581,0.2653,0
315,15,18.34,6.0225,0.251,0
320,13,16.97,5.845,0.2591,0
325,13,15.21,6.0518,0.2633,0
330,11,15.23,5.7247,0.2537,0
335,13,16.46,6.0684,0.2544,0
340,12,15.85,6.9774,0.2546,0
345,13,15.64,6.611,0.2667,0
350,13,17.02,6.7668,0.2624,0
355,11,13.88,5.0023,0.2754,0
360,11,14.44,4.3863,0.2737,0
365,10,12.38,4.0815,0.2527,0
370,17,20.11,10.0631,0.2678,0
375,15,15.93,8.8858,0.315,0
380,22,21.27,8.2306,0.3642,0
385,15,15.17,8.4043,0.3717,0
390,16,16.83,9.1096,0.3747,0
395,12,13.85,9.416,0.373,0
400,13,16.9,9.5598,0.3751,0
405,12,14.09,9.4551,0.3366,0
410,17,17.29,9.5192,0.3591,0
415,12,13.92,7.808,0.3185,0
420,15,16.22,7.8934,0.3052,0
425,15,18.02,7.2683,0.3243,0
430,13,14.53,7.8662,0.3016,0
435,15,16.91,8.9696,0.3194,0
440,11,15.01,10.1919,0.3374,0
445,18,18.13,10.5928,0.3603,0
450,12,16.06,9.2656,0.3282,0
455,14,13.75,8.9023,0.3504,0
460,7,8.86,8.4568,0.3265,0
465,14,18.93,8.5456,0.2929,0
470,9,11.72,7.9203,0.2668,0
475,13,16.48,8.8216,0.2746,0
480,19,22.33,10.0057,0.3152,0
485,19,23.68,10.159,0.3066,0
490,12,14.02,9.8717,0.3287,0
495,12,14.51,9.2297,0.3123,0
500,14,18.39,8.7333,0.3119,0
505,11,11.79,8.8558,0.2955,0
510,18,22.11,8.6307,0.311,0
515,15,18.53,8.0755,0.3221,0
520,17,18.37,8.8655,0.303,0
525,11,13.52,8.9485,0.3226,0
530,16,20.7,9.1964,0.3438,0
535,15,19.03,9.9864,0.3674,0
540,18,21.63,8.8684,0.3398,0
545,17,19.36,9.495,0.3624,0
550,15,17.7,9.1488,0.3177,0
555,18,23.51,9.536,0.3522,0
560,17,20.45,9.4892,0.3737,0
565,14,17.54,8.7878,0.3444,0
570,15,17.29,9.459,0.4164,0
575,9,12.11,9.3348,0.4234,0
580,16,18.37,8.6839,0.4057,0
585,16,17.0,7.7393,0.3921,0
590,10,13.08,7.8799,0.3697,0
595,12,12.11,7.6526,0.3564,0
600,17,17.96,6.938,0.3207,0
605,15,17.51,6.9741,0.3272,0
610,13,14.87,6.1415,0.3206,0
615,11,11.15,5.6866,0.3049,0
620,14,14.97,5.6025,0.3274,0
625,13,13.75,5.789,0.3101,0
630,15,14.64,5.2818,0.333,0
635,10,11.11,6.0572,0.3895,0
640,12,11.28,5.7799,0.3517,0
645,12,13.05,6.6662,0.3016,0
650,13,13.39,6.9757,0.3088,0
655,15,13.22,7.421,0.3167,0
660,11,10.08,7.3021,0.2916,0
665,13,13.59,7.2192,0.3051,0
670,14,14.03,8.0734,0.3023,0
675,14,13.08,9.1534,0.3069,0
680,13,14.23,10.1693,0.3078,0
685,14,13.31,9.3661,0.296,0
690,11,11.42,7.4413,0.2777,0
695,13,12.84,5.9239,0.2688,0
700,8,9.18,6.0055,0.3043,0
705,9,10.72,6.0712,0.3553,0
710,10,10.19,5.5602,0.3037,0
715,6,6.92,6.0824,0.3048,0
720,8,9.11,4.9818,0.3315,0
725,10,10.7,6.1366,0.3307,0
730,9,8.59,7.7683,0.3459,0
735,10,9.98,7.9633,0.3032,0
740,8,8.42,6.4997,0.309,0
745,5,5.37,6.9674,0.2913,0
750,18,24.9,12.3259,0.3025,0
5,0,0.0,0.0,0.0,1
10,0,0.0,5.5102,0.1985,1
15,0,0.0,6.7762,0.0997,1
20,0,0.0,5.1126,0.1829,1
25,0,0.0,4.3326,0.2823,1
30,0,0.0,4.9556,0.3058,1
35,0,0.0,4.2532,0.2814,1
40,0,0.0,3.5392,0.3422,1
45,0,0.0,4.9456,0.3654,1
50,0,0.0,3.554,0.3681,1
55,0,0.0,3.7609,0.3124,1
60,0,0.0,5.6159,0.1227,1
65,0,0.0,5.499,0.1593,1
70,0,0.0,5.5132,0.178,1
75,0,0.0,4.9796,0.2319,1
80,0,0.0,5.5922,0.1434,1
85,0,0.0,4.4752,0.249,1
90,0,0.0,18.2822,0.2343,1
95,0,0.0,20.4537,0.3934,1
100,1,2.42,19.6352,0.4245,1
105,0,0.0,19.1762,0.452,1
110,0,0.0,14.8522,0.4185,1
115,1,1.83,12.5428,0.2438,1
120,1,1.73,8.9349,0.2702,1
125,1,1.59,4.8662,0.2758,1
130,0,0.0,5.4715,0.2545,1
135,0,0.0,5.6331,0.2476,1
140,0,0.0,10.2741,0.3137,1
145,0,0.0,10.582,0.3879,1
150,0,0.0,4.8683,0.3693,1
155,0,0.0,4.3252,0.2323,1
160,0,0.0,10.1756,0.0689,1
165,0,0.0,19.8531,0.0364,1
170,0,0.0,6.407,0.1978,1
175,0,0.0,11.5323,0.0487,1
180,0,0.0,19.7138,0.2174,1
185,0,0.0,18.1095,0.1998,1
190,0,0.0,21.1453,0.1318,1
195,0,0.0,12.6723,0.2395,1
200,0,0.0,13.0722,0.281,1
205,0,0.0,15.8673,0.1923,1
210,0,0.0,16.1438,0.2438,1
215,0,0.0,9.0559,0.3178,1
220,0,0.0,18.7198,0.2301,1
225,0,0.0,18.1518,0.2024,1
230,0,0.0,21.0234,0.1536,1
235,0,0.0,20.1854,0.0628,1
240,0,0.0,16.0106,0.0579,1
245,0,0.0,17.1423,0.0725,1
250,0,0.0,16.0684,0.0546,1
255,0,0.0,7.9067,0.1118,1
260,1,2.37,6.5598,0.0923,1
265,0,0.0,4.4835,0.1081,1
270,0,0.0,3.0803,0.161,1
275,0,0.0,7.7267,0.0947,1
280,0,0.0,24.3241,0.079,1
285,0,0.0,18.7736,0.2972,1
290,0,0.0,11.5808,0.309,1
295,1,1.5,15.2574,0.2995,1
300,1,1.94,15.9583,0.2566,1
305,1,1.99,13.7039,0.3009,1
310,0,0.0,24.5377,0.2985,1
315,0,0.0,19.9118,0.2972,1
320,1,2.16,20.3309,0.3507,1
325,0,0.0,22.7582,0.2493,1
330,0,0.0,23.9468,0.1582,1
335,0,0.0,17.6511,0.0345,1
340,0,0.0,22.8636,0.0325,1
345,0,0.0,12.8634,0.0517,1
350,0,0.0,5.8,0.3062,1
355,0,0.0,5.168,0.3386,1
360,0,0.0,5.5814,0.2357,1
365,0,0.0,5.5634,0.2181,1
370,0,0.0,6.8575,0.173,1
375,0,0.0,7.4608,0.1471,1
380,0,0.0,7.6475,0.1405,1
385,0,0.0,7.4698,0.1466,1
390,0,0.0,6.8799,0.1607,1
395,0,0.0,7.7029,0.1414,1
400,1,3.48,8.5858,0.1468,1
405,0,0.0,14.4782,0.068,1
410,0,0.0,23.5355,0.0497,1
415,0,0.0,16.9562,0.0791,1
420,0,0.0,14.0644,0.0786,1
425,0,0.0,12.545,0.0762,1
430,0,0.0,15.5093,0.0603,1
435,0,0.0,18.9511,0.0447,1
440,0,0.0,19.9135,0.0362,1
445,0,0.0,19.9472,0.0367,1
450,0,0.0,13.282,0.0617,1
455,0,0.0,20.6221,0.0554,1
460,0,0.0,11.9496,0.0657,1
465,0,0.0,6.8325,0.1083,1
